seed,match_id,home,away,home_goals,away_goals,home_xg,away_xg,home_shots,away_shots,home_shots_on_target,away_shots_on_target,home_passes,away_passes,home_pass_accuracy,away_pass_accuracy,home_possession,away_possession,home_ppda,away_ppda,events,duration_min
1,SYN-00001,Riverside Rovers,Northbridge Athletic,1,0,1.28,0.37,21,6,3,2,516,609,79.5,80.3,46,54,7.5,10.3,1952,91.575
2,SYN-00002,Thornfield Wanderers,Ashvale United,1,0,0.23,0.35,8,7,2,2,651,515,82.5,78.6,54.8,45.2,8.7,8,2029,94.003
3,SYN-00003,Ashvale United,Cobalt Park,1,1,0.38,0.92,10,16,4,6,638,557,83.2,80.8,52.4,47.6,9.1,9.2,2052,91.485
4,SYN-00004,Thornfield Wanderers,Saltmarsh City,0,3,1.3,1.85,8,18,5,7,660,519,86.1,83.4,55.4,44.6,9.6,9.2,1955,93.747
5,SYN-00005,Ashvale United,Riverside Rovers,4,1,2.59,1.44,14,9,7,1,621,457,84.4,77.7,57.1,42.9,6.7,10.9,2004,94.238
6,SYN-00006,Thornfield Wanderers,Eastmere FC,3,3,2.03,3.02,12,12,3,5,628,476,85.4,79.6,56.4,43.6,7.4,11.6,1893,91.67
7,SYN-00007,Harbour Town,Saltmarsh City,3,1,2.35,1.3,12,14,4,3,580,512,84.5,83.2,52.8,47.2,9.3,11,1886,94.802
8,SYN-00008,Saltmarsh City,Riverside Rovers,1,2,1.15,1.36,11,13,3,4,501,587,75.6,78.5,47.2,52.8,7.4,6.2,2029,93.705
9,SYN-00009,Harbour Town,Eastmere FC,1,2,1.63,1.11,13,7,8,5,675,488,83,76.6,57.5,42.5,6.8,8.8,2132,93.912
10,SYN-00010,Saltmarsh City,Cobalt Park,1,3,1.72,1.13,11,12,7,6,610,488,82.1,78.9,55.4,44.6,9.3,8.3,1999,91.997
11,SYN-00011,Harbour Town,Northbridge Athletic,0,1,0.73,1.07,19,12,6,7,626,483,82.7,75.8,57.7,42.3,5.8,8.2,2071,91.215
12,SYN-00012,Saltmarsh City,Ashvale United,2,1,1.36,0.99,13,8,5,3,604,540,87.1,84.8,54.5,45.5,9.8,10.4,1924,92.792
13,SYN-00013,Eastmere FC,Cobalt Park,4,0,2.38,0.51,16,11,7,2,581,511,83.3,78.5,52.9,47.1,7.9,10.6,1993,93.013
14,SYN-00014,Northbridge Athletic,Saltmarsh City,0,1,0.09,2.74,6,14,1,5,637,520,81.6,77.5,55.4,44.6,7.8,6.8,2098,94.328
15,SYN-00015,Eastmere FC,Riverside Rovers,0,1,0.05,1.33,6,10,1,3,650,500,81.4,76.6,56.2,43.8,7.8,7.8,2173,94.93
16,SYN-00016,Northbridge Athletic,Eastmere FC,0,1,1.75,0.85,13,8,6,6,670,534,85.7,80.7,55.9,44.1,7.7,10.4,2052,93.65
17,SYN-00017,Eastmere FC,Thornfield Wanderers,2,2,2.2,1.34,12,4,4,2,502,661,81.5,83.5,44.5,55.5,8.8,10.4,2040,92.697
18,SYN-00018,Riverside Rovers,Northbridge Athletic,1,1,1.08,2.38,16,8,6,3,564,595,79.3,78.3,49.1,50.9,6,8.7,2224,95.03
19,SYN-00019,Cobalt Park,Ashvale United,2,1,1.91,1.41,13,10,7,5,543,544,74,74.1,50.5,49.5,7.1,5.5,2076,91.468
20,SYN-00020,Riverside Rovers,Cobalt Park,2,1,1.02,1.24,10,16,6,7,492,641,76.6,83.3,45.2,54.8,9.3,6.7,2095,95.232
21,SYN-00021,Cobalt Park,Saltmarsh City,1,2,0.54,2.02,11,16,3,7,605,496,81.7,76,53.6,46.4,11,7.8,1987,92.918
22,SYN-00022,Riverside Rovers,Ashvale United,1,0,1.36,0.09,22,7,10,1,573,619,81,80.1,48.2,51.8,6.2,8.5,2197,94.387
23,SYN-00023,Cobalt Park,Harbour Town,0,0,0.45,0.31,12,9,4,1,636,571,84,81.1,52.7,47.3,7.5,10.2,2094,92.37
24,SYN-00024,Ashvale United,Saltmarsh City,4,0,2.63,0.41,16,8,7,1,608,506,80.9,74.7,55.5,44.5,5.8,9.4,2040,92.785
25,SYN-00025,Thornfield Wanderers,Riverside Rovers,2,2,1.39,1.21,15,10,7,3,482,590,77,80,45.6,54.4,7.3,6.2,1950,94.64
26,SYN-00026,Ashvale United,Eastmere FC,1,0,1.71,1.27,13,12,4,3,642,524,83.6,80.2,55.1,44.9,8.1,8.7,2050,91.758
27,SYN-00027,Thornfield Wanderers,Cobalt Park,2,2,0.87,1.88,13,12,4,6,549,539,82.1,81.1,49.9,50.1,7.7,9.6,2008,91.98
28,SYN-00028,Ashvale United,Northbridge Athletic,1,1,2.16,0.38,19,9,4,3,693,479,83.7,73.5,58.9,41.1,5.5,8.5,2155,92.377
29,SYN-00029,Saltmarsh City,Ashvale United,1,2,0.68,1.89,7,14,1,4,562,535,79.9,82.1,50.3,49.7,8.6,7.8,1960,91.457
30,SYN-00030,Harbour Town,Cobalt Park,0,3,0.46,2.1,12,11,5,6,603,598,86.1,85.5,49.8,50.2,9.5,10.5,2066,94.505
31,SYN-00031,Saltmarsh City,Thornfield Wanderers,3,1,3.03,1.12,20,6,6,2,530,490,81.7,77.6,53,47,8.1,8.7,1854,92.068
32,SYN-00032,Harbour Town,Riverside Rovers,2,0,1.19,0.91,14,5,6,2,664,472,83.9,76.7,57,43,6.2,12.5,2010,94.365
33,SYN-00033,Saltmarsh City,Harbour Town,1,2,0.33,1.46,8,13,3,6,601,570,81.5,81.6,52.1,47.9,10.4,8.1,1982,91.12
34,SYN-00034,Harbour Town,Thornfield Wanderers,1,2,0.29,2.44,5,11,1,4,557,563,78.6,77.8,50.3,49.7,8.2,6.6,2085,93.12
35,SYN-00035,Northbridge Athletic,Riverside Rovers,1,1,1.34,1.6,8,18,3,9,615,520,82.6,79.8,53.3,46.7,7.2,9.5,1951,94.043
36,SYN-00036,Eastmere FC,Ashvale United,0,4,0.65,2.7,10,24,5,14,522,486,79.7,79.6,51.9,48.1,11.6,6.4,1922,91.735
37,SYN-00037,Northbridge Athletic,Cobalt Park,1,2,1.9,0.73,14,7,6,2,545,621,78.2,79.7,46.4,53.6,6.9,7.2,2119,94.182
38,SYN-00038,Eastmere FC,Saltmarsh City,1,3,1.64,1.16,13,11,5,6,655,483,83.8,78.5,56.7,43.3,7.9,13.1,2000,92.205
39,SYN-00039,Northbridge Athletic,Ashvale United,2,2,1.5,1.55,16,10,6,7,516,604,79.8,81.3,44.8,55.2,9.3,8.5,1934,93.885
40,SYN-00040,Eastmere FC,Harbour Town,4,0,2.95,1.53,22,12,9,6,513,563,80.1,81,49.1,50.9,6.9,8,1967,92.487
41,SYN-00041,Riverside Rovers,Thornfield Wanderers,0,1,0.76,2.21,15,15,6,4,549,574,75.8,76.1,51.3,48.7,6.3,5.7,2128,94.535
42,SYN-00042,Cobalt Park,Northbridge Athletic,1,1,0.35,0.68,9,13,2,4,583,556,78.2,79,51.2,48.8,6.6,6.6,2075,92.158
43,SYN-00043,Riverside Rovers,Eastmere FC,0,2,1.06,0.27,9,12,1,3,543,593,81.2,84.5,47.5,52.5,8.2,8.3,2103,93.18
44,SYN-00044,Cobalt Park,Thornfield Wanderers,1,2,0.96,2.24,9,18,5,7,539,555,79.6,81.6,47.8,52.2,7.9,7.6,2015,92.297
45,SYN-00045,Riverside Rovers,Northbridge Athletic,0,0,0.13,0.76,11,12,4,3,607,593,79.7,79.6,52.2,47.8,9.3,7.1,2195,95.075
46,SYN-00046,Thornfield Wanderers,Ashvale United,0,0,0.52,0.55,13,12,4,4,622,537,81.7,78.6,54.5,45.5,8.1,9,2060,93.85
47,SYN-00047,Ashvale United,Cobalt Park,0,1,0.72,0.51,9,9,2,3,593,583,80.6,81.3,50.8,49.2,7.5,8.6,2156,94.878
48,SYN-00048,Thornfield Wanderers,Saltmarsh City,1,2,1.14,2.65,15,13,5,5,601,519,82.7,78.8,54,46,8.6,8.4,1994,94.037
49,SYN-00049,Ashvale United,Riverside Rovers,2,0,1.35,0.72,12,8,5,3,634,501,81.7,75.2,55.7,44.3,6.2,7.6,2043,93.023
50,SYN-00050,Thornfield Wanderers,Harbour Town,0,0,1,0.75,11,10,4,5,656,556,83.4,80,54.4,45.6,10,10,2108,91.612
51,SYN-00051,Ashvale United,Thornfield Wanderers,0,3,0.4,2.47,8,18,3,6,670,444,84,78.4,59.9,40.1,8.7,9.4,1953,91.698
52,SYN-00052,Saltmarsh City,Northbridge Athletic,3,0,2.43,0.85,17,6,5,2,661,476,84.9,74.6,58.7,41.3,5.3,13.1,2109,91.553
53,SYN-00053,Harbour Town,Ashvale United,0,1,0.2,1.09,4,9,0,2,645,522,82.2,78.2,54.4,45.6,8,9,2005,93.61
54,SYN-00054,Saltmarsh City,Eastmere FC,1,3,2.5,1.76,15,5,6,3,636,499,86.3,80.8,55.6,44.4,7.2,13.5,1964,93.247
55,SYN-00055,Harbour Town,Saltmarsh City,2,2,1.55,2.11,11,12,6,2,679,488,81.1,73.2,58.5,41.5,5.8,7.1,2214,94.827
56,SYN-00056,Saltmarsh City,Riverside Rovers,4,1,2.09,0.89,23,8,14,2,504,555,82.5,80.7,48.7,51.3,7,8.5,1999,91.835
57,SYN-00057,Eastmere FC,Harbour Town,2,3,1.85,2.46,10,22,3,8,573,537,79.2,79.3,50,50,8.3,6.6,1978,93.407
58,SYN-00058,Northbridge Athletic,Thornfield Wanderers,2,2,0.64,1.81,10,17,4,7,580,489,82.4,81.8,52.7,47.3,7.3,13.8,1919,94.818
59,SYN-00059,Eastmere FC,Northbridge Athletic,2,2,1.18,2.05,13,15,3,7,704,418,84.9,75.6,62,38,6,8.1,2078,91.618
60,SYN-00060,Northbridge Athletic,Harbour Town,0,3,0.88,1.59,10,10,2,5,576,552,81.8,81.5,50.2,49.8,7.7,8.9,2016,94.292
61,SYN-00061,Eastmere FC,Thornfield Wanderers,3,3,2.6,2.29,13,15,7,6,623,531,84.6,81.7,52.6,47.4,8.8,9.6,1971,94.165
62,SYN-00062,Northbridge Athletic,Riverside Rovers,2,2,0.61,1.21,17,8,4,3,615,491,83.1,77.8,53.9,46.1,6.3,10.7,2000,92.448
63,SYN-00063,Cobalt Park,Ashvale United,4,3,4.44,2.89,14,15,8,7,514,615,78,81.5,46.9,53.1,10.1,6.9,2056,93.49
64,SYN-00064,Riverside Rovers,Cobalt Park,2,1,1.1,0.17,15,10,8,7,557,513,83.5,81.3,52.1,47.9,7.2,10.6,1887,93.157
65,SYN-00065,Cobalt Park,Saltmarsh City,0,0,0.66,0.65,9,16,2,4,572,485,78.5,75.7,53.1,46.9,5.8,7.1,2004,91.412
66,SYN-00066,Riverside Rovers,Ashvale United,2,0,1.59,0.53,16,8,5,4,534,541,77.9,76.5,49.4,50.6,5.6,6.7,2066,91.707
67,SYN-00067,Cobalt Park,Harbour Town,1,2,0.29,1.44,4,19,3,7,525,538,77.1,79.7,49.1,50.9,9.9,6.4,1918,92.473
68,SYN-00068,Ashvale United,Thornfield Wanderers,2,1,2.31,0.68,14,14,7,4,752,433,88,78.8,62.1,37.9,5.8,12.7,2058,92.828
69,SYN-00069,Thornfield Wanderers,Northbridge Athletic,2,2,1.55,1.29,7,7,5,6,607,544,79.2,77.2,52.9,47.1,8.1,8.2,2013,93.513
70,SYN-00070,Ashvale United,Harbour Town,1,0,0.54,1.8,10,16,4,5,545,523,82.4,80.9,52.5,47.5,9.8,7.8,1952,93.625
71,SYN-00071,Thornfield Wanderers,Eastmere FC,1,1,3.01,1.06,25,12,5,5,611,538,84.3,80.1,52.3,47.7,5.9,9.4,2001,94.868
72,SYN-00072,Ashvale United,Saltmarsh City,1,0,3.21,1.84,13,11,6,2,656,549,85.1,79.6,54.9,45.1,9.3,9.2,2080,94.578
73,SYN-00073,Thornfield Wanderers,Riverside Rovers,2,4,1.84,2.3,13,8,5,5,547,592,79.9,80.7,47.9,52.1,7.8,9.9,1990,94.313
74,SYN-00074,Harbour Town,Eastmere FC,3,1,2.61,0.86,9,14,7,4,691,448,85.1,75.7,60.6,39.4,6.1,7.3,2091,91.778
75,SYN-00075,Saltmarsh City,Cobalt Park,3,4,1.88,3.6,12,22,5,8,557,521,81.5,82.3,51.2,48.8,8.4,8.3,1923,92.792
76,SYN-00076,Harbour Town,Northbridge Athletic,1,1,2.02,0.23,19,9,11,4,494,659,82.4,83.9,44.8,55.2,9.5,8.8,2019,94.31
77,SYN-00077,Saltmarsh City,Ashvale United,0,0,0.88,0.17,8,11,3,5,604,534,81,80,52.2,47.8,9.2,9.1,2078,92.038
78,SYN-00078,Harbour Town,Cobalt Park,1,2,2.28,2.67,12,10,3,4,558,596,82.1,83.1,47.1,52.9,9.1,10.1,1973,93.937
79,SYN-00079,Saltmarsh City,Thornfield Wanderers,3,1,0.94,1.37,9,15,4,7,675,490,83.6,78.4,56.4,43.6,8.1,9.5,2006,93.802
80,SYN-00080,Eastmere FC,Ashvale United,0,1,0.75,2.38,8,13,5,6,713,520,84.3,79.4,56.8,43.2,6.5,11.5,2197,92.482
81,SYN-00081,Northbridge Athletic,Cobalt Park,1,1,1.52,1.02,11,14,3,4,648,488,82.4,77.5,56.4,43.6,5.8,9.1,2006,92.973
82,SYN-00082,Eastmere FC,Saltmarsh City,1,1,1.75,0.9,15,9,6,4,581,611,84,84.1,48.8,51.2,12,11.6,1967,94.245
83,SYN-00083,Northbridge Athletic,Ashvale United,2,0,2.93,1,20,10,4,3,585,551,79.8,77.3,53,47,7.3,10.2,2080,94.922
84,SYN-00084,Eastmere FC,Harbour Town,1,0,1.16,1.54,14,14,8,3,569,530,83.8,81.5,52.4,47.6,8.2,9.5,1971,91.53
85,SYN-00085,Riverside Rovers,Thornfield Wanderers,1,0,0.91,0.47,9,9,6,3,583,598,81.3,80.9,48.3,51.7,8.1,9,2074,93.41
86,SYN-00086,Cobalt Park,Northbridge Athletic,2,3,1.28,1.72,14,10,4,5,655,471,84,77.5,58.4,41.6,9.7,8.2,2057,94.14
87,SYN-00087,Riverside Rovers,Harbour Town,1,3,1.65,2.85,15,14,6,4,628,459,85,78.6,58.2,41.8,9.1,8.9,1947,92.648
88,SYN-00088,Cobalt Park,Eastmere FC,5,0,3.59,0.1,24,3,11,0,536,593,81.9,81.5,48.6,51.4,8.4,10.7,1946,94.673
89,SYN-00089,Riverside Rovers,Saltmarsh City,1,5,0.68,4.46,11,21,6,9,592,511,81.8,80.4,53.1,46.9,9,7.3,1992,93.857
90,SYN-00090,Cobalt Park,Riverside Rovers,4,3,2.58,2.36,14,9,6,7,562,458,81.7,75.8,55.2,44.8,5.8,7.4,1994,93.078
91,SYN-00091,Ashvale United,Eastmere FC,2,0,2.85,0.97,17,12,9,2,579,521,81.9,78.1,51.7,48.3,8.7,7.5,2025,92.133
92,SYN-00092,Thornfield Wanderers,Cobalt Park,1,0,1.17,1.37,13,13,8,5,720,562,86.7,81.7,56.7,43.3,9.8,9.9,2194,93.952
93,SYN-00093,Ashvale United,Northbridge Athletic,5,1,3.13,0.92,17,7,8,5,427,683,75.6,82.6,40.2,59.8,7.1,6.1,2041,94.605
94,SYN-00094,Thornfield Wanderers,Ashvale United,1,4,0.89,2.43,2,14,1,5,483,606,77,83,43.8,56.2,10.7,7.3,1952,92.812
95,SYN-00095,Ashvale United,Cobalt Park,3,1,1.72,1.25,12,15,7,9,436,681,77.8,86,40.3,59.7,9.9,6.7,1926,91.693
96,SYN-00096,Saltmarsh City,Thornfield Wanderers,3,1,1.4,1.17,20,5,9,2,547,453,81.7,76.2,53.2,46.8,5.6,9.8,1901,92.17
97,SYN-00097,Harbour Town,Riverside Rovers,0,0,0.28,1.56,9,15,2,11,519,625,77.8,82.6,45.6,54.4,9,6.9,2072,92.802
98,SYN-00098,Saltmarsh City,Eastmere FC,1,4,1.09,2.66,7,15,1,5,508,652,81.5,86.7,43.4,56.6,10.2,7,2000,91.54
99,SYN-00099,Harbour Town,Saltmarsh City,1,0,0.74,1.06,10,14,3,5,595,587,81,81.8,50.3,49.7,7.3,8,2080,91.853
100,SYN-00100,Saltmarsh City,Riverside Rovers,2,2,0.9,1.07,12,13,7,5,629,518,84.7,80.1,54.7,45.3,8.1,10.4,1984,93.228
